"","seqnames","start","end","width","strand","id","freq","RefCount","VarCount","VarAllele","varAllele","CDSLOC.start","CDSLOC.end","CDSLOC.width","PROTEINLOC","QUERYID","TXID","CDSID","GENEID","CONSEQUENCE","REFCODON","VARCODON","REFAA","VARAA","aachange","change"
"1","K03455.1",792,792,1,"+","single run","100%","0","19","A","A",3,3,1,1,18,"1",1,"gag","nonsynonymous","ATG","ATA","M","I","M1I","gag_M1I"
"2","K03455.1",888,888,1,"+","single run","100%","0","25","C","C",99,99,1,33,19,"1",1,"gag","synonymous","CAT","CAC","H","H","H33H","gag_H33H"
"3","K03455.1",912,912,1,"+","single run","100%","0","28","G","G",123,123,1,41,20,"1",1,"gag","synonymous","CTA","CTG","L","L","L41L","gag_L41L"
"4","K03455.1",916,916,1,"+","single run","100%","0","27","A","A",127,127,1,43,21,"1",1,"gag","synonymous","CGA","AGA","R","R","R43R","gag_R43R"
"5","K03455.1",921,921,1,"+","single run","100%","0","27","T","T",132,132,1,44,22,"1",1,"gag","synonymous","TTC","TTT","F","F","F44F","gag_F44F"
"6","K03455.1",925,925,1,"+","single run","100%","0","27","C","C",136,136,1,46,23,"1",1,"gag","nonsynonymous","GTT","CTT","V","L","V46L","gag_V46L"
"7","K03455.1",930,930,1,"+","single run","100%","0","27","C","C",141,141,1,47,24,"1",1,"gag","synonymous","AAT","AAC","N","N","N47N","gag_N47N"
"8","K03455.1",939,939,1,"+","single run","100%","0","26","T","T",150,150,1,50,25,"1",1,"gag","synonymous","CTG","CTT","L","L","L50L","gag_L50L"
"9","K03455.1",949,949,1,"+","single run","100%","0","26","A","A",160,160,1,54,26,"1",1,"gag","nonsynonymous","TCA","ACA","S","T","S54T","gag_S54T"
"10","K03455.1",972,972,1,"+","single run","100%","0","20","A","A",183,183,1,61,27,"1",1,"gag","synonymous","CTG","CTA","L","L","L61L","gag_L61L"
"11","K03455.1",973,973,1,"+","single run","100%","0","20","C","C",184,184,1,62,28,"1",1,"gag","nonsynonymous","GGA","CGA","G","R","G62R","gag_G62R"
"12","K03455.1",974,974,1,"+","single run","100%","0","20","A","A",185,185,1,62,29,"1",1,"gag","nonsynonymous","GGA","GAA","G","E","G62E","gag_G62E"
"13","K03455.1",988,988,1,"+","single run","100%","0","20","G","G",199,199,1,67,30,"1",1,"gag","nonsynonymous","TCC","GCC","S","A","S67A","gag_S67A"
"14","K03455.1",990,990,1,"+","single run","100%","0","20","T","T",201,201,1,67,31,"1",1,"gag","synonymous","TCC","TCT","S","S","S67S","gag_S67S"
"15","K03455.1",1003,1003,1,"+","single run","100%","0","20","A","A",214,214,1,72,32,"1",1,"gag","nonsynonymous","TCA","ACA","S","T","S72T","gag_S72T"
"16","K03455.1",1008,1008,1,"+","single run","100%","0","20","G","G",219,219,1,73,33,"1",1,"gag","synonymous","GAA","GAG","E","E","E73E","gag_E73E"
"17","K03455.1",1016,1016,1,"+","single run","100%","0","18","A","A",227,227,1,76,34,"1",1,"gag","nonsynonymous","AGA","AAA","R","K","R76K","gag_R76K"
"18","K03455.1",1026,1026,1,"+","single run","100%","0","16","C","C",237,237,1,79,35,"1",1,"gag","synonymous","TAT","TAC","Y","Y","Y79Y","gag_Y79Y"
"19","K03455.1",1029,1029,1,"+","single run","100%","0","13","C","C",240,240,1,80,36,"1",1,"gag","synonymous","AAT","AAC","N","N","N80N","gag_N80N"
"20","K03455.1",1089,1089,1,"+","single run","100%","0","30","C","C",300,300,1,100,37,"1",1,"gag","synonymous","GCT","GCC","A","A","A100A","gag_A100A"
"21","K03455.1",1110,1110,1,"+","single run","100%","0","30","A","A",321,321,1,107,38,"1",1,"gag","synonymous","GAG","GAA","E","E","E107E","gag_E107E"
"22","K03455.1",1176,1176,1,"+","single run","100%","0","9","T","T",387,387,1,129,39,"1",1,"gag","synonymous","AGC","AGT","S","S","S129S","gag_S129S"
"23","K03455.1",1185,1185,1,"+","single run","100%","0","10","T","T",396,396,1,132,40,"1",1,"gag","synonymous","TAC","TAT","Y","Y","Y132Y","gag_Y132Y"
"24","K03455.1",1200,1200,1,"+","single run","100%","0","10","T","T",411,411,1,137,41,"1",1,"gag","synonymous","AAC","AAT","N","N","N137N","gag_N137N"
"25","K03455.1",1201,1201,1,"+","single run","100%","0","10","C","C",412,412,1,138,42,"1",1,"gag","nonsynonymous","ATC","CTC","I","L","I138L","gag_I138L"
"26","K03455.1",1203,1203,1,"+","single run","100%","0","10","T","T",414,414,1,138,43,"1",1,"gag","synonymous","ATC","ATT","I","I","I138I","gag_I138I"
"27","K03455.1",1206,1206,1,"+","single run","100%","0","10","A","A",417,417,1,139,44,"1",1,"gag","synonymous","CAG","CAA","Q","Q","Q139Q","gag_Q139Q"
"28","K03455.1",1224,1224,1,"+","single run","100%","0","17","A","A",435,435,1,145,45,"1",1,"gag","synonymous","CAG","CAA","Q","Q","Q145Q","gag_Q145Q"
"29","K03455.1",1242,1242,1,"+","single run","100%","0","21","C","C",453,453,1,151,46,"1",1,"gag","synonymous","ACT","ACC","T","T","T151T","gag_T151T"
"30","K03455.1",1245,1245,1,"+","single run","100%","0","21","G","G",456,456,1,152,47,"1",1,"gag","synonymous","TTA","TTG","L","L","L152L","gag_L152L"
"31","K03455.1",1253,1253,1,"+","single run","100%","0","23","A","A",464,464,1,155,48,"1",1,"gag","nonsense","TGG","TAG","W","*","W155*","gag_W155*"
"32","K03455.1",1264,1264,1,"+","single run","100%","0","31","A","A",475,475,1,159,49,"1",1,"gag","nonsynonymous","GTA","ATA","V","I","V159I","gag_V159I"
"33","K03455.1",1272,1272,1,"+","single run","100%","0","31","A","A",483,483,1,161,50,"1",1,"gag","synonymous","GAG","GAA","E","E","E161E","gag_E161E"
"34","K03455.1",1281,1281,1,"+","single run","100%","0","31","T","T",492,492,1,164,51,"1",1,"gag","synonymous","TTC","TTT","F","F","F164F","gag_F164F"
"35","K03455.1",1290,1290,1,"+","single run","100%","0","33","G","G",501,501,1,167,52,"1",1,"gag","synonymous","GAA","GAG","E","E","E167E","gag_E167E"
"36","K03455.1",1291,1291,1,"+","single run","100%","0","33","A","A",502,502,1,168,53,"1",1,"gag","nonsynonymous","GTG","ATG","V","M","V168M","gag_V168M"
"37","K03455.1",1293,1293,1,"+","single run","100%","0","34","A","A",504,504,1,168,54,"1",1,"gag","synonymous","GTG","GTA","V","V","V168V","gag_V168V"
"38","K03455.1",1305,1305,1,"+","single run","5.56%","34","2","C","C",516,516,1,172,55,"1",1,"gag","synonymous","TTT","TTC","F","F","F172F","gag_F172F"
"39","K03455.1",1306,1306,1,"+","single run","100%","0","36","A","A",517,517,1,173,56,"1",1,"gag","nonsynonymous","TCA","ACA","S","T","S173T","gag_S173T"
"40","K03455.1",1326,1326,1,"+","single run","5.26%","36","2","A","A",537,537,1,179,57,"1",1,"gag","synonymous","GCC","GCA","A","A","A179A","gag_A179A"
"41","K03455.1",1356,1356,1,"+","single run","100%","0","38","T","T",567,567,1,189,58,"1",1,"gag","synonymous","AAC","AAT","N","N","N189N","gag_N189N"
"42","K03455.1",1362,1362,1,"+","single run","100%","0","36","A","A",573,573,1,191,59,"1",1,"gag","synonymous","GTG","GTA","V","V","V191V","gag_V191V"
"43","K03455.1",1363,1363,1,"+","single run","100%","0","36","A","A",574,574,1,192,60,"1",1,"gag","nonsynonymous","GGG","AGG","G","R","G192R","gag_G192R"
"44","K03455.1",1386,1386,1,"+","single run","100%","0","35","G","G",597,597,1,199,61,"1",1,"gag","synonymous","CAA","CAG","Q","Q","Q199Q","gag_Q199Q"
"45","K03455.1",1398,1398,1,"+","single run","100%","0","35","T","T",609,609,1,203,62,"1",1,"gag","nonsynonymous","GAG","GAT","E","D","E203D","gag_E203D"
"46","K03455.1",1419,1419,1,"+","single run","5.71%","33","2","G","G",630,630,1,210,63,"1",1,"gag","synonymous","GCA","GCG","A","A","A210A","gag_A210A"
"47","K03455.1",1424,1424,1,"+","single run","100%","0","32","A","A",635,635,1,212,64,"1",1,"gag","nonsense","TGG","TAG","W","*","W212*","gag_W212*"
"48","K03455.1",1428,1428,1,"+","single run","100%","0","32","C","C",639,639,1,213,65,"1",1,"gag","synonymous","GAT","GAC","D","D","D213D","gag_D213D"
"49","K03455.1",1432,1432,1,"+","single run","100%","0","32","T","T",643,643,1,215,66,"1",1,"gag","nonsynonymous","GTG","TTG","V","L","V215L","gag_V215L"
"50","K03455.1",1434,1434,1,"+","single run","100%","0","32","A","A",645,645,1,215,67,"1",1,"gag","synonymous","GTG","GTA","V","V","V215V","gag_V215V"
"51","K03455.1",1443,1443,1,"+","single run","100%","0","37","A","A",654,654,1,218,68,"1",1,"gag","synonymous","GTG","GTA","V","V","V218V","gag_V218V"
"52","K03455.1",1449,1449,1,"+","single run","100%","0","37","G","G",660,660,1,220,69,"1",1,"gag","synonymous","GCA","GCG","A","A","A220A","gag_A220A"
"53","K03455.1",1459,1459,1,"+","single run","100%","0","37","C","C",670,670,1,224,70,"1",1,"gag","nonsynonymous","GCA","CCA","A","P","A224P","gag_A224P"
"54","K03455.1",1470,1470,1,"+","single run","100%","0","39","A","A",681,681,1,227,71,"1",1,"gag","synonymous","CAG","CAA","Q","Q","Q227Q","gag_Q227Q"
"55","K03455.1",1494,1494,1,"+","single run","97.44%","1","38","T","T",705,705,1,235,72,"1",1,"gag","synonymous","GAC","GAT","D","D","D235D","gag_D235D"
"56","K03455.1",1497,1497,1,"+","single run","5.13%","37","2","G","G",708,708,1,236,73,"1",1,"gag","nonsynonymous","ATA","ATG","I","M","I236M","gag_I236M"
"57","K03455.1",1532,1532,1,"+","single run","100%","0","41","C","C",743,743,1,248,74,"1",1,"gag","nonsynonymous","GGA","GCA","G","A","G248A","gag_G248A"
"58","K03455.1",1535,1535,1,"+","single run","100%","0","42","A","A",746,746,1,249,75,"1",1,"gag","nonsense","TGG","TAG","W","*","W249*","gag_W249*"
"59","K03455.1",1544,1544,1,"+","single run","100%","0","43","G","G",755,755,1,252,76,"1",1,"gag","nonsynonymous","AAT","AGT","N","S","N252S","gag_N252S"
"60","K03455.1",1555,1555,1,"+","single run","100%","0","40","G","G",766,766,1,256,77,"1",1,"gag","nonsynonymous","ATC","GTC","I","V","I256V","gag_I256V"
"61","K03455.1",1569,1569,1,"+","single run","97.14%","1","34","C","C",780,780,1,260,78,"1",1,"gag","nonsynonymous","GAA","GAC","E","D","E260D","gag_E260D"
"62","K03455.1",1572,1572,1,"+","single run","100%","0","36","C","C",783,783,1,261,79,"1",1,"gag","synonymous","ATT","ATC","I","I","I261I","gag_I261I"
"63","K03455.1",1583,1583,1,"+","single run","96.88%","1","31","A","A",794,794,1,265,80,"1",1,"gag","nonsense","TGG","TAG","W","*","W265*","gag_W265*"
"64","K03455.1",1590,1590,1,"+","single run","100%","0","33","T","T",801,801,1,267,81,"1",1,"gag","synonymous","ATC","ATT","I","I","I267I","gag_I267I"
"65","K03455.1",1593,1593,1,"+","single run","96.97%","1","32","A","A",804,804,1,268,82,"1",1,"gag","synonymous","CTG","CTA","L","L","L268L","gag_L268L"
"66","K03455.1",1627,1627,1,"+","single run","100%","0","20","G","G",838,838,1,280,83,"1",1,"gag","nonsynonymous","ACC","GCC","T","A","T280A","gag_T280A"
"67","K03455.1",1628,1628,1,"+","single run","100%","0","20","T","T",839,839,1,280,84,"1",1,"gag","nonsynonymous","ACC","ATC","T","I","T280I","gag_T280I"
"68","K03455.1",1629,1629,1,"+","single run","95%","1","19","T","T",840,840,1,280,85,"1",1,"gag","synonymous","ACC","ACT","T","T","T280T","gag_T280T"
"69","K03455.1",1636,1636,1,"+","single run","100%","0","21","T","T",847,847,1,283,86,"1",1,"gag","synonymous","CTG","TTG","L","L","L283L","gag_L283L"
"70","K03455.1",1638,1638,1,"+","single run","95.45%","1","21","A","A",849,849,1,283,87,"1",1,"gag","synonymous","CTG","CTA","L","L","L283L","gag_L283L"
"71","K03455.1",1651,1651,1,"+","single run","93.1%","2","27","A","A",862,862,1,288,88,"1",1,"gag","nonsynonymous","GGA","AGA","G","R","G288R","gag_G288R"
"72","K03455.1",1653,1653,1,"+","single run","96.67%","1","29","G","G",864,864,1,288,89,"1",1,"gag","synonymous","GGA","GGG","G","G","G288G","gag_G288G"
"73","K03455.1",1674,1674,1,"+","single run","97.3%","1","36","T","T",885,885,1,295,90,"1",1,"gag","synonymous","GAC","GAT","D","D","D295D","gag_D295D"
"74","K03455.1",1691,1691,1,"+","single run","100%","0","35","T","T",902,902,1,301,91,"1",1,"gag","nonsynonymous","TAT","TTT","Y","F","Y301F","gag_Y301F"
"75","K03455.1",1699,1699,1,"+","single run","97.22%","1","35","T","T",910,910,1,304,92,"1",1,"gag","synonymous","CTA","TTA","L","L","L304L","gag_L304L"
"76","K03455.1",1707,1707,1,"+","single run","100%","0","38","T","T",918,918,1,306,93,"1",1,"gag","synonymous","GCC","GCT","A","A","A306A","gag_A306A"
"77","K03455.1",1717,1717,1,"+","single run","100%","0","40","A","A",928,928,1,310,94,"1",1,"gag","nonsynonymous","TCA","ACA","S","T","S310T","gag_S310T"
"78","K03455.1",1722,1722,1,"+","single run","94.59%","2","35","A","A",933,933,1,311,95,"1",1,"gag","synonymous","CAG","CAA","Q","Q","Q311Q","gag_Q311Q"
"79","K03455.1",1725,1725,1,"+","single run","100%","0","38","T","T",936,936,1,312,96,"1",1,"gag","nonsynonymous","GAG","GAT","E","D","E312D","gag_E312D"
"80","K03455.1",1726,1726,1,"+","single run","5.26%","36","2","A","A",937,937,1,313,97,"1",1,"gag","nonsynonymous","GTA","ATA","V","I","V313I","gag_V313I"
"81","K03455.1",1746,1746,1,"+","single run","100%","0","42","C","C",957,957,1,319,98,"1",1,"gag","nonsynonymous","GAA","GAC","E","D","E319D","gag_E319D"
"82","K03455.1",1776,1776,1,"+","single run","100%","0","42","C","C",987,987,1,329,99,"1",1,"gag","synonymous","GAT","GAC","D","D","D329D","gag_D329D"
"83","K03455.1",1782,1782,1,"+","single run","100%","0","42","A","A",993,993,1,331,100,"1",1,"gag","synonymous","AAG","AAA","K","K","K331K","gag_K331K"
"84","K03455.1",1788,1788,1,"+","single run","100%","0","40","C","C",999,999,1,333,101,"1",1,"gag","synonymous","ATT","ATC","I","I","I333I","gag_I333I"
"85","K03455.1",1793,1793,1,"+","single run","100%","0","39","G","G",1004,1004,1,335,102,"1",1,"gag","nonsynonymous","AAA","AGA","K","R","K335R","gag_K335R"
"86","K03455.1",1800,1800,1,"+","single run","100%","0","31","A","A",1011,1011,1,337,103,"1",1,"gag","synonymous","TTG","TTA","L","L","L337L","gag_L337L"
"87","K03455.1",1801,1801,1,"+","single run","100%","0","31","A","A",1012,1012,1,338,104,"1",1,"gag","nonsynonymous","GGA","AGA","G","R","G338R","gag_G338R"
"88","K03455.1",1803,1803,1,"+","single run","100%","0","31","G","G",1014,1014,1,338,105,"1",1,"gag","synonymous","GGA","GGG","G","G","G338G","gag_G338G"
"89","K03455.1",1808,1808,1,"+","single run","100%","0","32","G","G",1019,1019,1,340,106,"1",1,"gag","nonsynonymous","GCG","GGG","A","G","A340G","gag_A340G"
"90","K03455.1",1816,1816,1,"+","single run","100%","0","37","T","T",1027,1027,1,343,107,"1",1,"gag","synonymous","CTA","TTA","L","L","L343L","gag_L343L"
"91","K03455.1",1840,1840,1,"+","single run","5.56%","34","2","T","T",1051,1051,1,351,108,"1",1,"gag","nonsense","CAG","TAG","Q","*","Q351*","gag_Q351*"
"92","K03455.1",1857,1857,1,"+","single run","100%","0","13","T","T",1068,1068,1,356,109,"1",1,"gag","synonymous","CCC","CCT","P","P","P356P","gag_P356P"
"93","K03455.1",1858,1858,1,"+","single run","100%","0","13","A","A",1069,1069,1,357,110,"1",1,"gag","nonsynonymous","GGC","AGC","G","S","G357S","gag_G357S"
"94","K03455.1",1863,1863,1,"+","single run","100%","0","13","C","C",1074,1074,1,358,111,"1",1,"gag","synonymous","CAT","CAC","H","H","H358H","gag_H358H"
"95","K03455.1",1866,1866,1,"+","single run","100%","0","13","A","A",1077,1077,1,359,112,"1",1,"gag","synonymous","AAG","AAA","K","K","K359K","gag_K359K"
"96","K03455.1",1871,1871,1,"+","single run","100%","0","13","A","A",1082,1082,1,361,113,"1",1,"gag","nonsynonymous","AGA","AAA","R","K","R361K","gag_R361K"
"97","K03455.1",1872,1872,1,"+","single run","100%","0","13","G","G",1083,1083,1,361,114,"1",1,"gag","synonymous","AGA","AGG","R","R","R361R","gag_R361R"
"98","K03455.1",1875,1875,1,"+","single run","100%","0","13","G","G",1086,1086,1,362,115,"1",1,"gag","synonymous","GTT","GTG","V","V","V362V","gag_V362V"
"99","K03455.1",1884,1884,1,"+","single run","100%","0","13","G","G",1095,1095,1,365,116,"1",1,"gag","synonymous","GAA","GAG","E","E","E365E","gag_E365E"
"100","K03455.1",1895,1895,1,"+","single run","100%","0","12","-AGT","-AGT",1106,1106,1,369,117,"1",1,"gag","not translated","CAA","C-AGTA","","","369","gag_369"
"101","K03455.1",1905,1905,1,"+","single run","100%","0","12","-TC","-TC",1116,1116,1,372,118,"1",1,"gag","not translated","AAT","AA-TC","","","372","gag_372"
"102","K03455.1",1910,1910,1,"+","single run","100%","0","12","-T","-T",1121,1121,1,374,119,"1",1,"gag","not translated","GCT","G-TT","","","374","gag_374"
"103","K03455.1",1913,1913,1,"+","single run","100%","0","12","A","A",1124,1124,1,375,120,"1",1,"gag","nonsynonymous","ACC","AAC","T","N","T375N","gag_T375N"
"104","K03455.1",1938,1938,1,"+","single run","71.43%","4","10","-AGGAACC","-AGGAACC",1149,1149,1,383,121,"1",1,"gag","not translated","TTT","TT-AGGAACC","","","383","gag_383"
"105","K03455.1",1949,1949,1,"+","single run","100%","0","10","+GTGCTA","+GTGCTA",1160,1160,1,387,122,"1",1,"gag","not translated","AGA","A+GTGCTAA","","","387","gag_387"
"106","K03455.1",1953,1953,1,"+","single run","100%","0","10","+A","+A",1164,1164,1,388,123,"1",1,"gag","not translated","AAG","AA+A","","","388","gag_388"
"107","K03455.1",1955,1955,1,"+","single run","100%","0","10","C","C",1166,1166,1,389,124,"1",1,"gag","nonsynonymous","ATT","ACT","I","T","I389T","gag_I389T"
"108","K03455.1",1962,1962,1,"+","single run","100%","0","21","A","A",1173,1173,1,391,125,"1",1,"gag","synonymous","AAG","AAA","K","K","K391K","gag_K391K"
"109","K03455.1",1966,1966,1,"+","single run","9.52%","19","2","C","C",1177,1177,1,393,126,"1",1,"gag","nonsynonymous","TTC","CTC","F","L","F393L","gag_F393L"
"110","K03455.1",1971,1971,1,"+","single run","100%","0","21","C","C",1182,1182,1,394,127,"1",1,"gag","synonymous","AAT","AAC","N","N","N394N","gag_N394N"
"111","K03455.1",1980,1980,1,"+","single run","100%","0","22","G","G",1191,1191,1,397,128,"1",1,"gag","synonymous","AAA","AAG","K","K","K397K","gag_K397K"
"112","K03455.1",1984,1984,1,"+","single run","100%","0","22","A","A",1195,1195,1,399,129,"1",1,"gag","nonsynonymous","GGG","AGG","G","R","G399R","gag_G399R"
"113","K03455.1",1991,1991,1,"+","single run","100%","0","24","T","T",1202,1202,1,401,130,"1",1,"gag","nonsynonymous","ACA","ATA","T","I","T401I","gag_T401I"
"114","K03455.1",2001,2001,1,"+","single run","100%","0","24","C","C",1212,1212,1,404,131,"1",1,"gag","synonymous","AAT","AAC","N","N","N404N","gag_N404N"
"115","K03455.1",2004,2004,1,"+","single run","100%","0","25","T","T",1215,1215,1,405,132,"1",1,"gag","synonymous","TGC","TGT","C","C","C405C","gag_C405C"
"116","K03455.1",2020,2020,1,"+","single run","100%","0","27","C","C",1231,1231,1,411,133,"1",1,"gag","nonsynonymous","AAG","CAG","K","Q","K411Q","gag_K411Q"
"117","K03455.1",2028,2028,1,"+","single run","100%","0","24","C","C",1239,1239,1,413,134,"1",1,"gag","synonymous","TGT","TGC","C","C","C413C","gag_C413C"
"118","K03455.1",2030,2030,1,"+","single run","100%","0","24","A","A",1241,1241,1,414,135,"1",1,"gag","nonsense","TGG","TAG","W","*","W414*","gag_W414*"
"119","K03455.1",2043,2043,1,"+","single run","100%","0","23","A","A",1254,1254,1,418,136,"1",1,"gag","synonymous","AAG","AAA","K","K","K418K","gag_K418K"
"120","K03455.1",2064,2064,1,"+","single run","100%","0","18","C","C",1275,1275,1,425,137,"1",1,"gag","synonymous","GAT","GAC","D","D","D425D","gag_D425D"
"121","K03455.1",2073,2073,1,"+","single run","100%","0","18","A","A",1284,1284,1,428,138,"1",1,"gag","synonymous","GAG","GAA","E","E","E428E","gag_E428E"
"122","K03455.1",2076,2076,1,"+","single run","100%","0","17","G","G",1287,1287,1,429,139,"1",1,"gag","synonymous","AGA","AGG","R","R","R429R","gag_R429R"
"123","K03455.1",2092,2092,1,"+","single run","100%","0","8","A","A",1303,1303,1,435,140,"1",1,"gag","nonsynonymous","GGG","AGG","G","R","G435R","gag_G435R"
"124","K03455.1",2093,2093,1,"+","single run","100%","0","8","A","A",1304,1304,1,435,141,"1",1,"gag","nonsynonymous","GGG","GAG","G","E","G435E","gag_G435E"
"125","K03455.1",2097,2097,1,"+","single run","100%","0","8","A","A",1308,1308,1,436,142,"1",1,"gag","synonymous","AAG","AAA","K","K","K436K","gag_K436K"
"126","K03455.1",2100,2100,1,"+","single run","100%","0","8","T","T",1311,1311,1,437,143,"1",1,"gag","synonymous","ATC","ATT","I","I","I437I","gag_I437I"
"127","K03455.1",2108,2108,1,"+","single run","100%","0","8","+CCA","+CCA",1319,1319,1,440,144,"1",1,"gag","not translated","TCC","T+CCAC","","","440","gag_440"
"128","K03455.1",2110,2110,1,"+","single run","100%","0","8","A","A",1321,1321,1,441,145,"1",1,"gag","nonsynonymous","TAC","AAC","Y","N","Y441N","gag_Y441N"
"129","K03455.1",2117,2117,1,"+","single run","100%","0","10","A","A",1328,1328,1,443,146,"1",1,"gag","nonsynonymous","GGA","GAA","G","E","G443E","gag_G443E"
"130","K03455.1",2118,2118,1,"+","single run","100%","0","10","G","G",1329,1329,1,443,147,"1",1,"gag","synonymous","GGA","GGG","G","G","G443G","gag_G443G"
"131","K03455.1",2125,2125,1,"+","single run","100%","0","10","A","A",1336,1336,1,446,148,"1",1,"gag","nonsynonymous","GGG","AGG","G","R","G446R","gag_G446R"
"132","K03455.1",2126,2126,1,"+","single run","100%","0","11","A","A",1337,1337,1,446,149,"1",1,"gag","nonsynonymous","GGG","GAG","G","E","G446E","gag_G446E"
"133","K03455.1",2133,2133,1,"+","single run","100%","0","12","C","C",1344,1344,1,448,150,"1",1,"gag","synonymous","TTT","TTC","F","F","F448F","gag_F448F"
"134","K03455.1",2136,2136,1,"+","single run","100%","0","12","A","A",1347,1347,1,449,151,"1",1,"gag","synonymous","CTT","CTA","L","L","L449L","gag_L449L"
"135","K03455.1",2145,2145,1,"+","single run","100%","0","24","G","G",1356,1356,1,452,152,"1",1,"gag","synonymous","AGA","AGG","R","R","R452R","gag_R452R"
"136","K03455.1",2168,2168,1,"+","single run","100%","0","25","C","C",1379,1379,1,460,153,"1",1,"gag","nonsynonymous","GAA","GCA","E","A","E460A","gag_E460A"
"137","K03455.1",2273,2273,1,"+","single run","100%","0","15","G","G",1484,1484,1,495,154,"1",1:2,"gag","nonsynonymous","AAC","AGC","N","S","N495S","gag_N495S"
"138","K03455.1",2273,2273,1,"+","single run","100%","0","15","G","G",21,21,1,7,154,"2",1:2,"protease","synonymous","CAA","CAG","Q","Q","Q7Q","protease_Q7Q"
"139","K03455.1",2282,2282,1,"+","single run","100%","0","16","T","T",1493,1493,1,498,155,"1",1:2,"gag","nonsynonymous","TCG","TTG","S","L","S498L","gag_S498L"
"140","K03455.1",2282,2282,1,"+","single run","100%","0","16","T","T",30,30,1,10,155,"2",1:2,"protease","synonymous","CTC","CTT","L","L","L10L","protease_L10L"
"141","K03455.1",2286,2286,1,"+","single run","100%","0","16","T","T",1497,1497,1,499,156,"1",1:2,"gag","synonymous","TCA","TCT","S","S","S499S","gag_S499S"
"142","K03455.1",2286,2286,1,"+","single run","100%","0","16","T","T",34,34,1,12,156,"2",1:2,"protease","nonsynonymous","ACA","TCA","T","S","T12S","protease_T12S"
"143","K03455.1",2294,2294,1,"+","single run","100%","0","17","A","A",42,42,1,14,157,"2",2,"protease","synonymous","AAG","AAA","K","K","K14K","protease_K14K"
"144","K03455.1",2295,2295,1,"+","single run","100%","0","17","G","G",43,43,1,15,158,"2",2,"protease","nonsynonymous","ATA","GTA","I","V","I15V","protease_I15V"
"145","K03455.1",2303,2303,1,"+","single run","100%","0","19","C","C",51,51,1,17,159,"2",2,"protease","synonymous","GGG","GGC","G","G","G17G","protease_G17G"
"146","K03455.1",2307,2307,1,"+","single run","100%","0","20","A","A",55,55,1,19,160,"2",2,"protease","nonsynonymous","CTA","ATA","L","I","L19I","protease_L19I"
"147","K03455.1",2315,2315,1,"+","single run","100%","0","20","G","G",63,63,1,21,161,"2",2,"protease","synonymous","GAA","GAG","E","E","E21E","protease_E21E"
"148","K03455.1",2327,2327,1,"+","single run","100%","0","22","C","C",75,75,1,25,162,"2",2,"protease","synonymous","GAT","GAC","D","D","D25D","protease_D25D"
"149","K03455.1",2352,2352,1,"+","single run","100%","0","21","A","A",100,100,1,34,163,"2",2,"protease","nonsynonymous","GAA","AAA","E","K","E34K","protease_E34K"
"150","K03455.1",2360,2360,1,"+","single run","100%","0","19","A","A",108,108,1,36,164,"2",2,"protease","nonsynonymous","ATG","ATA","M","I","M36I","protease_M36I"
"151","K03455.1",2362,2362,1,"+","single run","100%","0","19","A","A",110,110,1,37,165,"2",2,"protease","nonsynonymous","AGT","AAT","S","N","S37N","protease_S37N"
"152","K03455.1",2370,2370,1,"+","single run","100%","0","19","A","A",118,118,1,40,166,"2",2,"protease","nonsynonymous","GGA","AGA","G","R","G40R","protease_G40R"
"153","K03455.1",2374,2374,1,"+","single run","100%","0","19","A","A",122,122,1,41,167,"2",2,"protease","nonsynonymous","AGA","AAA","R","K","R41K","protease_R41K"
"154","K03455.1",2377,2377,1,"+","single run","100%","0","19","A","A",125,125,1,42,168,"2",2,"protease","nonsense","TGG","TAG","W","*","W42*","protease_W42*"
"155","K03455.1",2394,2394,1,"+","single run","100%","0","14","A","A",142,142,1,48,169,"2",2,"protease","nonsynonymous","GGG","AGG","G","R","G48R","protease_G48R"
"156","K03455.1",2396,2396,1,"+","single run","100%","0","14","A","A",144,144,1,48,170,"2",2,"protease","synonymous","GGG","GGA","G","G","G48G","protease_G48G"
"157","K03455.1",2397,2397,1,"+","single run","100%","0","14","A","A",145,145,1,49,171,"2",2,"protease","nonsynonymous","GGA","AGA","G","R","G49R","protease_G49R"
"158","K03455.1",2403,2403,1,"+","single run","100%","0","14","A","A",151,151,1,51,172,"2",2,"protease","nonsynonymous","GGA","AGA","G","R","G51R","protease_G51R"
"159","K03455.1",2404,2404,1,"+","single run","100%","0","14","A","A",152,152,1,51,173,"2",2,"protease","nonsynonymous","GGA","GAA","G","E","G51E","protease_G51E"
"160","K03455.1",2408,2408,1,"+","single run","100%","0","14","C","C",156,156,1,52,174,"2",2,"protease","synonymous","GGT","GGC","G","G","G52G","protease_G52G"
"161","K03455.1",2414,2414,1,"+","single run","100%","0","16","T","T",162,162,1,54,175,"2",2,"protease","synonymous","ATC","ATT","I","I","I54I","protease_I54I"
"162","K03455.1",2435,2435,1,"+","single run","100%","0","12","A","A",183,183,1,61,176,"2",2,"protease","synonymous","CAG","CAA","Q","Q","Q61Q","protease_Q61Q"
"163","K03455.1",2440,2440,1,"+","single run","100%","0","12","C","C",188,188,1,63,177,"2",2,"protease","nonsynonymous","CTC","CCC","L","P","L63P","protease_L63P"
"164","K03455.1",2441,2441,1,"+","single run","100%","0","12","T","T",189,189,1,63,178,"2",2,"protease","synonymous","CTC","CTT","L","L","L63L","protease_L63L"
"165","K03455.1",2450,2450,1,"+","single run","100%","0","12","T","T",198,198,1,66,179,"2",2,"protease","synonymous","ATC","ATT","I","I","I66I","protease_I66I"
"166","K03455.1",2454,2454,1,"+","single run","100%","0","12","A","A",202,202,1,68,180,"2",2,"protease","nonsynonymous","GGA","AGA","G","R","G68R","protease_G68R"
"167","K03455.1",2457,2457,1,"+","single run","100%","0","12","A","A",205,205,1,69,181,"2",2,"protease","nonsynonymous","CAT","AAT","H","N","H69N","protease_H69N"
"168","K03455.1",2459,2459,1,"+","single run","100%","0","12","A","A",207,207,1,69,182,"2",2,"protease","nonsynonymous","CAT","CAA","H","Q","H69Q","protease_H69Q"
"169","K03455.1",2462,2462,1,"+","single run","100%","0","12","G","G",210,210,1,70,183,"2",2,"protease","synonymous","AAA","AAG","K","K","K70K","protease_K70K"
"170","K03455.1",2469,2469,1,"+","single run","100%","0","12","A","A",217,217,1,73,184,"2",2,"protease","nonsynonymous","GGT","AGT","G","S","G73S","protease_G73S"
"171","K03455.1",2472,2472,1,"+","single run","100%","0","12","T","T",220,220,1,74,185,"2",2,"protease","nonsynonymous","ACA","TCA","T","S","T74S","protease_T74S"
"172","K03455.1",2484,2484,1,"+","single run","100%","0","11","A","A",232,232,1,78,186,"2",2,"protease","nonsynonymous","GGA","AGA","G","R","G78R","protease_G78R"
"173","K03455.1",2486,2486,1,"+","single run","100%","0","11","G","G",234,234,1,78,187,"2",2,"protease","synonymous","GGA","GGG","G","G","G78G","protease_G78G"
"174","K03455.1",2508,2508,1,"+","single run","100%","0","8","A","A",256,256,1,86,188,"2",2,"protease","nonsynonymous","GGA","AGA","G","R","G86R","protease_G86R"
